id,firstname,lastname,age
nextval('person_id_seq'),Tvhes,Qekpdze,38
nextval('person_id_seq'),Andisxc,Dqarveeqvy,40
nextval('person_id_seq'),Andisxc,Vcufz,47
nextval('person_id_seq'),Tvhes,Nacxlzuf,55
nextval('person_id_seq'),Mube,Dqarveeqvy,39
nextval('person_id_seq'),Kjyc,Qekpdze,31
nextval('person_id_seq'),Mxhq,Vswggmsmg,29
nextval('person_id_seq'),Howmr,Dqarveeqvy,46
nextval('person_id_seq'),Howmr,Ycokg,59
nextval('person_id_seq'),Msrirf,Rukedjwnl,31
nextval('person_id_seq'),Howmr,Vswggmsmg,22
nextval('person_id_seq'),Kjyc,Mgnjxlpfo,54
nextval('person_id_seq'),Andisxc,Vcufz,45
nextval('person_id_seq'),Andisxc,Mgnjxlpfo,58
nextval('person_id_seq'),Mube,Qekpdze,39
nextval('person_id_seq'),Tvhes,Nacxlzuf,25
nextval('person_id_seq'),Howmr,Ycokg,23
nextval('person_id_seq'),Howmr,Ycokg,33
nextval('person_id_seq'),Kmib,Vswggmsmg,34
nextval('person_id_seq'),Tvhes,Rukedjwnl,20
nextval('person_id_seq'),Mube,Vcufz,56
nextval('person_id_seq'),Msrirf,Vswggmsmg,54
nextval('person_id_seq'),Andisxc,Vswggmsmg,31
nextval('person_id_seq'),Tvhes,Dqarveeqvy,55
nextval('person_id_seq'),Howmr,Dqarveeqvy,20
nextval('person_id_seq'),Tvhes,Vcufz,54
nextval('person_id_seq'),Kmib,Ycokg,46
nextval('person_id_seq'),Mxhq,Ycokg,58
nextval('person_id_seq'),Howmr,Ycokg,40
nextval('person_id_seq'),Howmr,Dqarveeqvy,51
nextval('person_id_seq'),Mxhq,Qekpdze,28
nextval('person_id_seq'),Andisxc,Vswggmsmg,60
nextval('person_id_seq'),Mube,Nacxlzuf,19
nextval('person_id_seq'),Kjyc,Vswggmsmg,26
nextval('person_id_seq'),Mube,Nacxlzuf,49
nextval('person_id_seq'),Msrirf,Vswggmsmg,41
nextval('person_id_seq'),Howmr,Ycokg,48
nextval('person_id_seq'),Tvhes,Ycokg,56
nextval('person_id_seq'),Kmib,Mgnjxlpfo,42
nextval('person_id_seq'),Mxhq,Dqarveeqvy,51
nextval('person_id_seq'),Kmib,Mgnjxlpfo,45
nextval('person_id_seq'),Tvhes,Vcufz,26
nextval('person_id_seq'),Howmr,Vcufz,42
nextval('person_id_seq'),Msrirf,Ycokg,30
nextval('person_id_seq'),Andisxc,Vswggmsmg,34
nextval('person_id_seq'),Andisxc,Vcufz,19
nextval('person_id_seq'),Kmib,Vswggmsmg,54
nextval('person_id_seq'),Kjyc,Dqarveeqvy,60
nextval('person_id_seq'),Kmib,Ycokg,26
nextval('person_id_seq'),Tvhes,Vcufz,22
nextval('person_id_seq'),Howmr,Vcufz,30
nextval('person_id_seq'),Andisxc,Ycokg,28
nextval('person_id_seq'),Mxhq,Dqarveeqvy,55
nextval('person_id_seq'),Kjyc,Rukedjwnl,40
nextval('person_id_seq'),Msrirf,Vcufz,49
nextval('person_id_seq'),Mxhq,Dqarveeqvy,46
nextval('person_id_seq'),Mxhq,Ycokg,38
nextval('person_id_seq'),Kmib,Ycokg,25
nextval('person_id_seq'),Tvhes,Vswggmsmg,57
nextval('person_id_seq'),Kmib,Dqarveeqvy,35
nextval('person_id_seq'),Andisxc,Dqarveeqvy,54
nextval('person_id_seq'),Howmr,Dqarveeqvy,26
nextval('person_id_seq'),Mube,Vcufz,32
nextval('person_id_seq'),Andisxc,Nacxlzuf,26
nextval('person_id_seq'),Mube,Rukedjwnl,47
nextval('person_id_seq'),Howmr,Vswggmsmg,22
nextval('person_id_seq'),Mube,Vswggmsmg,29
nextval('person_id_seq'),Mube,Qekpdze,33
nextval('person_id_seq'),Msrirf,Dqarveeqvy,33
nextval('person_id_seq'),Mube,Qekpdze,31
nextval('person_id_seq'),Msrirf,Vswggmsmg,59
nextval('person_id_seq'),Tvhes,Qekpdze,51
nextval('person_id_seq'),Mxhq,Ycokg,38
nextval('person_id_seq'),Andisxc,Mgnjxlpfo,32
nextval('person_id_seq'),Mube,Vcufz,49
nextval('person_id_seq'),Howmr,Vcufz,47
nextval('person_id_seq'),Tvhes,Qekpdze,52
nextval('person_id_seq'),Tvhes,Rukedjwnl,24
nextval('person_id_seq'),Kjyc,Ycokg,26
nextval('person_id_seq'),Mxhq,Vswggmsmg,50
nextval('person_id_seq'),Mube,Nacxlzuf,42
nextval('person_id_seq'),Tvhes,Ycokg,33
nextval('person_id_seq'),Howmr,Vswggmsmg,58
nextval('person_id_seq'),Kjyc,Qekpdze,50
nextval('person_id_seq'),Mube,Ycokg,56
nextval('person_id_seq'),Kjyc,Dqarveeqvy,25
nextval('person_id_seq'),Kmib,Vswggmsmg,35
nextval('person_id_seq'),Kmib,Nacxlzuf,31
nextval('person_id_seq'),Howmr,Mgnjxlpfo,58
nextval('person_id_seq'),Howmr,Dqarveeqvy,39
nextval('person_id_seq'),Tvhes,Rukedjwnl,47
nextval('person_id_seq'),Kjyc,Ycokg,29
nextval('person_id_seq'),Kmib,Dqarveeqvy,43
nextval('person_id_seq'),Mxhq,Qekpdze,59
nextval('person_id_seq'),Mube,Nacxlzuf,53
nextval('person_id_seq'),Andisxc,Nacxlzuf,54
nextval('person_id_seq'),Andisxc,Mgnjxlpfo,36
nextval('person_id_seq'),Mxhq,Dqarveeqvy,51
nextval('person_id_seq'),Tvhes,Dqarveeqvy,34
nextval('person_id_seq'),Kmib,Vcufz,52
nextval('person_id_seq'),Andisxc,Ycokg,53
nextval('person_id_seq'),Mxhq,Nacxlzuf,39
nextval('person_id_seq'),Kjyc,Mgnjxlpfo,47
nextval('person_id_seq'),Andisxc,Qekpdze,44
nextval('person_id_seq'),Msrirf,Mgnjxlpfo,26
nextval('person_id_seq'),Mube,Nacxlzuf,40
nextval('person_id_seq'),Andisxc,Vcufz,31
nextval('person_id_seq'),Mxhq,Ycokg,54
nextval('person_id_seq'),Kjyc,Qekpdze,31
nextval('person_id_seq'),Msrirf,Vswggmsmg,40
nextval('person_id_seq'),Howmr,Vcufz,58
nextval('person_id_seq'),Andisxc,Vswggmsmg,43
nextval('person_id_seq'),Howmr,Mgnjxlpfo,28
nextval('person_id_seq'),Mxhq,Mgnjxlpfo,43
nextval('person_id_seq'),Kmib,Nacxlzuf,48
nextval('person_id_seq'),Kjyc,Vcufz,51
nextval('person_id_seq'),Msrirf,Vcufz,36
nextval('person_id_seq'),Tvhes,Ycokg,50
nextval('person_id_seq'),Mxhq,Ycokg,47
nextval('person_id_seq'),Mube,Dqarveeqvy,38
nextval('person_id_seq'),Msrirf,Nacxlzuf,27
nextval('person_id_seq'),Msrirf,Nacxlzuf,41
nextval('person_id_seq'),Kmib,Ycokg,43
nextval('person_id_seq'),Kmib,Dqarveeqvy,36
nextval('person_id_seq'),Kmib,Mgnjxlpfo,25
nextval('person_id_seq'),Mxhq,Mgnjxlpfo,36
nextval('person_id_seq'),Andisxc,Qekpdze,52
nextval('person_id_seq'),Kmib,Vswggmsmg,44
nextval('person_id_seq'),Howmr,Nacxlzuf,31
nextval('person_id_seq'),Kmib,Qekpdze,30
nextval('person_id_seq'),Howmr,Vswggmsmg,34
nextval('person_id_seq'),Kjyc,Ycokg,26
nextval('person_id_seq'),Mube,Vswggmsmg,18
nextval('person_id_seq'),Kjyc,Dqarveeqvy,31
nextval('person_id_seq'),Kmib,Qekpdze,23
nextval('person_id_seq'),Howmr,Nacxlzuf,29
nextval('person_id_seq'),Kjyc,Ycokg,28
nextval('person_id_seq'),Howmr,Ycokg,43
nextval('person_id_seq'),Tvhes,Rukedjwnl,36
nextval('person_id_seq'),Kmib,Nacxlzuf,39
nextval('person_id_seq'),Tvhes,Mgnjxlpfo,19
nextval('person_id_seq'),Tvhes,Vswggmsmg,30
nextval('person_id_seq'),Mube,Rukedjwnl,31
nextval('person_id_seq'),Mxhq,Ycokg,55
nextval('person_id_seq'),Mxhq,Vcufz,28
nextval('person_id_seq'),Kjyc,Qekpdze,21
nextval('person_id_seq'),Kmib,Vcufz,43
nextval('person_id_seq'),Howmr,Dqarveeqvy,33
nextval('person_id_seq'),Howmr,Mgnjxlpfo,25
nextval('person_id_seq'),Msrirf,Vcufz,56
nextval('person_id_seq'),Howmr,Qekpdze,30
nextval('person_id_seq'),Kjyc,Mgnjxlpfo,19
nextval('person_id_seq'),Tvhes,Vcufz,60
nextval('person_id_seq'),Kmib,Nacxlzuf,49
nextval('person_id_seq'),Mube,Nacxlzuf,56
nextval('person_id_seq'),Howmr,Dqarveeqvy,36
nextval('person_id_seq'),Msrirf,Ycokg,21
nextval('person_id_seq'),Kjyc,Vcufz,31
nextval('person_id_seq'),Tvhes,Qekpdze,26
nextval('person_id_seq'),Kmib,Rukedjwnl,53
nextval('person_id_seq'),Msrirf,Mgnjxlpfo,18
nextval('person_id_seq'),Andisxc,Ycokg,24
nextval('person_id_seq'),Kmib,Mgnjxlpfo,22
nextval('person_id_seq'),Howmr,Mgnjxlpfo,23
nextval('person_id_seq'),Msrirf,Dqarveeqvy,52
nextval('person_id_seq'),Tvhes,Qekpdze,58
nextval('person_id_seq'),Kjyc,Ycokg,25
nextval('person_id_seq'),Tvhes,Ycokg,54
nextval('person_id_seq'),Mube,Ycokg,19
nextval('person_id_seq'),Kjyc,Dqarveeqvy,25
nextval('person_id_seq'),Kjyc,Vswggmsmg,49
nextval('person_id_seq'),Howmr,Nacxlzuf,35
nextval('person_id_seq'),Mxhq,Nacxlzuf,44
nextval('person_id_seq'),Mxhq,Ycokg,47
nextval('person_id_seq'),Mxhq,Vcufz,40
nextval('person_id_seq'),Mxhq,Dqarveeqvy,47
nextval('person_id_seq'),Mube,Nacxlzuf,35
nextval('person_id_seq'),Howmr,Qekpdze,43
nextval('person_id_seq'),Tvhes,Nacxlzuf,54
nextval('person_id_seq'),Kjyc,Mgnjxlpfo,37
nextval('person_id_seq'),Tvhes,Qekpdze,48
nextval('person_id_seq'),Andisxc,Vcufz,49
nextval('person_id_seq'),Mxhq,Qekpdze,53
nextval('person_id_seq'),Kjyc,Dqarveeqvy,44
nextval('person_id_seq'),Kmib,Vcufz,59
nextval('person_id_seq'),Kmib,Vcufz,23
nextval('person_id_seq'),Mube,Vcufz,41
nextval('person_id_seq'),Kmib,Dqarveeqvy,37
nextval('person_id_seq'),Mxhq,Nacxlzuf,34
nextval('person_id_seq'),Msrirf,Nacxlzuf,43
nextval('person_id_seq'),Mxhq,Ycokg,20
nextval('person_id_seq'),Mube,Qekpdze,33
nextval('person_id_seq'),Mxhq,Vcufz,25
nextval('person_id_seq'),Mube,Nacxlzuf,42
nextval('person_id_seq'),Tvhes,Nacxlzuf,51
nextval('person_id_seq'),Mxhq,Dqarveeqvy,22
nextval('person_id_seq'),Andisxc,Vcufz,24
nextval('person_id_seq'),Kjyc,Nacxlzuf,45
nextval('person_id_seq'),Mube,Mgnjxlpfo,43
nextval('person_id_seq'),Kjyc,Dqarveeqvy,53
nextval('person_id_seq'),Msrirf,Qekpdze,44
nextval('person_id_seq'),Kjyc,Ycokg,45
nextval('person_id_seq'),Andisxc,Mgnjxlpfo,55
nextval('person_id_seq'),Mube,Rukedjwnl,51
nextval('person_id_seq'),Howmr,Vswggmsmg,41
nextval('person_id_seq'),Howmr,Ycokg,18
nextval('person_id_seq'),Kmib,Ycokg,38
nextval('person_id_seq'),Howmr,Vswggmsmg,19
nextval('person_id_seq'),Tvhes,Vcufz,35
nextval('person_id_seq'),Howmr,Ycokg,43
nextval('person_id_seq'),Msrirf,Vswggmsmg,18
nextval('person_id_seq'),Kjyc,Nacxlzuf,57
nextval('person_id_seq'),Mxhq,Dqarveeqvy,23
nextval('person_id_seq'),Mube,Vswggmsmg,25
nextval('person_id_seq'),Tvhes,Mgnjxlpfo,31
nextval('person_id_seq'),Tvhes,Vcufz,55
nextval('person_id_seq'),Andisxc,Dqarveeqvy,19
nextval('person_id_seq'),Msrirf,Mgnjxlpfo,22
nextval('person_id_seq'),Howmr,Mgnjxlpfo,56
nextval('person_id_seq'),Andisxc,Dqarveeqvy,26
nextval('person_id_seq'),Mube,Qekpdze,28
nextval('person_id_seq'),Msrirf,Vcufz,31
nextval('person_id_seq'),Mube,Mgnjxlpfo,58
nextval('person_id_seq'),Msrirf,Dqarveeqvy,28
nextval('person_id_seq'),Kmib,Ycokg,36
nextval('person_id_seq'),Kmib,Mgnjxlpfo,21
nextval('person_id_seq'),Kjyc,Nacxlzuf,37
nextval('person_id_seq'),Mube,Vcufz,39
nextval('person_id_seq'),Kmib,Nacxlzuf,34
nextval('person_id_seq'),Mxhq,Qekpdze,38
nextval('person_id_seq'),Howmr,Rukedjwnl,18
nextval('person_id_seq'),Kmib,Ycokg,28
nextval('person_id_seq'),Andisxc,Mgnjxlpfo,38
nextval('person_id_seq'),Mube,Ycokg,35
nextval('person_id_seq'),Andisxc,Nacxlzuf,45
nextval('person_id_seq'),Tvhes,Ycokg,50
nextval('person_id_seq'),Mxhq,Vswggmsmg,35
nextval('person_id_seq'),Mxhq,Dqarveeqvy,25
nextval('person_id_seq'),Kjyc,Rukedjwnl,18
nextval('person_id_seq'),Mube,Nacxlzuf,18
nextval('person_id_seq'),Mube,Nacxlzuf,52
nextval('person_id_seq'),Mube,Qekpdze,60
nextval('person_id_seq'),Tvhes,Qekpdze,33
nextval('person_id_seq'),Mxhq,Dqarveeqvy,23
nextval('person_id_seq'),Tvhes,Qekpdze,60
nextval('person_id_seq'),Mxhq,Qekpdze,19
nextval('person_id_seq'),Kmib,Ycokg,47
nextval('person_id_seq'),Mube,Dqarveeqvy,19
nextval('person_id_seq'),Msrirf,Dqarveeqvy,52
nextval('person_id_seq'),Kjyc,Rukedjwnl,51
nextval('person_id_seq'),Andisxc,Qekpdze,18
nextval('person_id_seq'),Andisxc,Nacxlzuf,33
nextval('person_id_seq'),Kjyc,Vswggmsmg,56
nextval('person_id_seq'),Tvhes,Nacxlzuf,28
nextval('person_id_seq'),Tvhes,Vcufz,31
nextval('person_id_seq'),Mxhq,Vswggmsmg,18
nextval('person_id_seq'),Msrirf,Ycokg,42
nextval('person_id_seq'),Andisxc,Rukedjwnl,52
nextval('person_id_seq'),Tvhes,Vswggmsmg,49
nextval('person_id_seq'),Andisxc,Qekpdze,37
nextval('person_id_seq'),Kmib,Qekpdze,26
nextval('person_id_seq'),Kmib,Rukedjwnl,20
nextval('person_id_seq'),Andisxc,Nacxlzuf,38
nextval('person_id_seq'),Kmib,Vcufz,26
nextval('person_id_seq'),Howmr,Mgnjxlpfo,29
nextval('person_id_seq'),Tvhes,Nacxlzuf,18
nextval('person_id_seq'),Mube,Ycokg,21
nextval('person_id_seq'),Howmr,Rukedjwnl,52
nextval('person_id_seq'),Tvhes,Ycokg,25
nextval('person_id_seq'),Kjyc,Vswggmsmg,58
nextval('person_id_seq'),Mube,Vcufz,26
nextval('person_id_seq'),Tvhes,Vswggmsmg,35
nextval('person_id_seq'),Tvhes,Ycokg,52
nextval('person_id_seq'),Andisxc,Dqarveeqvy,28
nextval('person_id_seq'),Kjyc,Qekpdze,18
nextval('person_id_seq'),Mxhq,Dqarveeqvy,23
nextval('person_id_seq'),Tvhes,Qekpdze,36
nextval('person_id_seq'),Andisxc,Ycokg,33
nextval('person_id_seq'),Msrirf,Rukedjwnl,32
nextval('person_id_seq'),Kjyc,Ycokg,39
nextval('person_id_seq'),Kjyc,Mgnjxlpfo,54
nextval('person_id_seq'),Howmr,Vswggmsmg,40
nextval('person_id_seq'),Andisxc,Nacxlzuf,53
nextval('person_id_seq'),Msrirf,Dqarveeqvy,41
nextval('person_id_seq'),Mxhq,Ycokg,30
nextval('person_id_seq'),Mube,Rukedjwnl,39
nextval('person_id_seq'),Msrirf,Dqarveeqvy,21
nextval('person_id_seq'),Kmib,Ycokg,26
nextval('person_id_seq'),Andisxc,Mgnjxlpfo,34
nextval('person_id_seq'),Mxhq,Vswggmsmg,44
nextval('person_id_seq'),Andisxc,Vcufz,23
nextval('person_id_seq'),Andisxc,Qekpdze,18
nextval('person_id_seq'),Kjyc,Vswggmsmg,29
nextval('person_id_seq'),Andisxc,Nacxlzuf,37
nextval('person_id_seq'),Mxhq,Dqarveeqvy,22
nextval('person_id_seq'),Andisxc,Dqarveeqvy,22
nextval('person_id_seq'),Kmib,Ycokg,53
nextval('person_id_seq'),Msrirf,Vswggmsmg,33
nextval('person_id_seq'),Andisxc,Nacxlzuf,22
nextval('person_id_seq'),Tvhes,Mgnjxlpfo,33
nextval('person_id_seq'),Andisxc,Ycokg,45
nextval('person_id_seq'),Mxhq,Mgnjxlpfo,44
nextval('person_id_seq'),Howmr,Qekpdze,30
nextval('person_id_seq'),Mube,Ycokg,57
nextval('person_id_seq'),Tvhes,Dqarveeqvy,19
nextval('person_id_seq'),Andisxc,Vswggmsmg,52
nextval('person_id_seq'),Mxhq,Mgnjxlpfo,38
nextval('person_id_seq'),Msrirf,Ycokg,26
nextval('person_id_seq'),Tvhes,Vcufz,52
nextval('person_id_seq'),Kmib,Qekpdze,50
nextval('person_id_seq'),Mube,Vcufz,20
nextval('person_id_seq'),Tvhes,Vswggmsmg,41
nextval('person_id_seq'),Kjyc,Vcufz,56
nextval('person_id_seq'),Mxhq,Vswggmsmg,26
nextval('person_id_seq'),Andisxc,Rukedjwnl,22
nextval('person_id_seq'),Tvhes,Qekpdze,44
nextval('person_id_seq'),Mxhq,Vcufz,31
nextval('person_id_seq'),Kmib,Dqarveeqvy,53
nextval('person_id_seq'),Mxhq,Ycokg,47
nextval('person_id_seq'),Andisxc,Nacxlzuf,42
nextval('person_id_seq'),Mube,Rukedjwnl,40
nextval('person_id_seq'),Andisxc,Dqarveeqvy,29
nextval('person_id_seq'),Kjyc,Dqarveeqvy,25
nextval('person_id_seq'),Howmr,Vswggmsmg,45
nextval('person_id_seq'),Kmib,Rukedjwnl,42
nextval('person_id_seq'),Tvhes,Qekpdze,24
nextval('person_id_seq'),Andisxc,Mgnjxlpfo,35
nextval('person_id_seq'),Kmib,Mgnjxlpfo,25
nextval('person_id_seq'),Msrirf,Dqarveeqvy,18
nextval('person_id_seq'),Msrirf,Rukedjwnl,33
nextval('person_id_seq'),Andisxc,Mgnjxlpfo,45
nextval('person_id_seq'),Mxhq,Mgnjxlpfo,27
nextval('person_id_seq'),Mube,Rukedjwnl,43
nextval('person_id_seq'),Andisxc,Dqarveeqvy,23
nextval('person_id_seq'),Mxhq,Vcufz,20
nextval('person_id_seq'),Kjyc,Rukedjwnl,57
nextval('person_id_seq'),Tvhes,Vswggmsmg,18
nextval('person_id_seq'),Tvhes,Dqarveeqvy,35
nextval('person_id_seq'),Mube,Dqarveeqvy,24
nextval('person_id_seq'),Andisxc,Ycokg,36
nextval('person_id_seq'),Tvhes,Ycokg,49
nextval('person_id_seq'),Howmr,Nacxlzuf,45
nextval('person_id_seq'),Tvhes,Rukedjwnl,32
nextval('person_id_seq'),Andisxc,Ycokg,18
nextval('person_id_seq'),Tvhes,Ycokg,48
nextval('person_id_seq'),Tvhes,Qekpdze,46
nextval('person_id_seq'),Mube,Vcufz,22
nextval('person_id_seq'),Tvhes,Qekpdze,51
nextval('person_id_seq'),Kmib,Nacxlzuf,55
nextval('person_id_seq'),Kmib,Qekpdze,51
nextval('person_id_seq'),Mxhq,Rukedjwnl,28
nextval('person_id_seq'),Msrirf,Ycokg,57
nextval('person_id_seq'),Msrirf,Qekpdze,19
nextval('person_id_seq'),Mube,Dqarveeqvy,49
nextval('person_id_seq'),Tvhes,Vswggmsmg,46
nextval('person_id_seq'),Andisxc,Nacxlzuf,50
nextval('person_id_seq'),Mube,Vcufz,59
nextval('person_id_seq'),Andisxc,Vswggmsmg,25
nextval('person_id_seq'),Andisxc,Vswggmsmg,50
nextval('person_id_seq'),Mube,Dqarveeqvy,39
nextval('person_id_seq'),Howmr,Dqarveeqvy,48
nextval('person_id_seq'),Howmr,Qekpdze,47
nextval('person_id_seq'),Mxhq,Vcufz,20
nextval('person_id_seq'),Kmib,Nacxlzuf,21
nextval('person_id_seq'),Tvhes,Nacxlzuf,34
nextval('person_id_seq'),Kjyc,Vcufz,50
nextval('person_id_seq'),Kmib,Vswggmsmg,36
nextval('person_id_seq'),Kmib,Qekpdze,53
nextval('person_id_seq'),Tvhes,Nacxlzuf,33
nextval('person_id_seq'),Tvhes,Rukedjwnl,23
nextval('person_id_seq'),Kjyc,Nacxlzuf,22
nextval('person_id_seq'),Mube,Dqarveeqvy,54
nextval('person_id_seq'),Mube,Qekpdze,33
nextval('person_id_seq'),Msrirf,Nacxlzuf,42
nextval('person_id_seq'),Kmib,Vcufz,40
nextval('person_id_seq'),Tvhes,Vswggmsmg,37
nextval('person_id_seq'),Tvhes,Ycokg,52
nextval('person_id_seq'),Tvhes,Qekpdze,57
nextval('person_id_seq'),Andisxc,Mgnjxlpfo,26
nextval('person_id_seq'),Kmib,Mgnjxlpfo,43
nextval('person_id_seq'),Howmr,Mgnjxlpfo,26
nextval('person_id_seq'),Mube,Nacxlzuf,19
nextval('person_id_seq'),Msrirf,Vswggmsmg,38
nextval('person_id_seq'),Msrirf,Dqarveeqvy,49
nextval('person_id_seq'),Andisxc,Rukedjwnl,50
nextval('person_id_seq'),Tvhes,Qekpdze,32
nextval('person_id_seq'),Kmib,Nacxlzuf,35
nextval('person_id_seq'),Mube,Mgnjxlpfo,33
nextval('person_id_seq'),Kmib,Dqarveeqvy,37
nextval('person_id_seq'),Mube,Mgnjxlpfo,37
nextval('person_id_seq'),Kjyc,Dqarveeqvy,43
nextval('person_id_seq'),Kjyc,Vcufz,47
nextval('person_id_seq'),Kmib,Vswggmsmg,55
nextval('person_id_seq'),Msrirf,Dqarveeqvy,23
nextval('person_id_seq'),Tvhes,Dqarveeqvy,18
nextval('person_id_seq'),Tvhes,Dqarveeqvy,54
nextval('person_id_seq'),Mube,Dqarveeqvy,35
nextval('person_id_seq'),Andisxc,Rukedjwnl,43
nextval('person_id_seq'),Kjyc,Dqarveeqvy,25
nextval('person_id_seq'),Andisxc,Vcufz,55
nextval('person_id_seq'),Andisxc,Qekpdze,60
nextval('person_id_seq'),Mube,Qekpdze,53
nextval('person_id_seq'),Howmr,Vcufz,48
nextval('person_id_seq'),Msrirf,Vcufz,26
nextval('person_id_seq'),Mxhq,Nacxlzuf,23
nextval('person_id_seq'),Msrirf,Vswggmsmg,21
nextval('person_id_seq'),Kmib,Rukedjwnl,51
nextval('person_id_seq'),Msrirf,Dqarveeqvy,22
nextval('person_id_seq'),Mxhq,Mgnjxlpfo,48
nextval('person_id_seq'),Kjyc,Vcufz,24
nextval('person_id_seq'),Andisxc,Dqarveeqvy,30
nextval('person_id_seq'),Tvhes,Vswggmsmg,37
nextval('person_id_seq'),Kmib,Mgnjxlpfo,18
nextval('person_id_seq'),Kmib,Mgnjxlpfo,47
nextval('person_id_seq'),Tvhes,Rukedjwnl,50
nextval('person_id_seq'),Mube,Nacxlzuf,44
nextval('person_id_seq'),Mxhq,Vcufz,41
nextval('person_id_seq'),Msrirf,Mgnjxlpfo,19
nextval('person_id_seq'),Mube,Ycokg,35
nextval('person_id_seq'),Howmr,Qekpdze,60
nextval('person_id_seq'),Msrirf,Vswggmsmg,55
nextval('person_id_seq'),Mxhq,Nacxlzuf,21
nextval('person_id_seq'),Howmr,Dqarveeqvy,48
nextval('person_id_seq'),Andisxc,Vswggmsmg,56
nextval('person_id_seq'),Howmr,Rukedjwnl,22
nextval('person_id_seq'),Mube,Mgnjxlpfo,57
nextval('person_id_seq'),Kjyc,Ycokg,56
nextval('person_id_seq'),Mube,Vswggmsmg,31
nextval('person_id_seq'),Andisxc,Rukedjwnl,50
nextval('person_id_seq'),Mxhq,Rukedjwnl,48
nextval('person_id_seq'),Tvhes,Qekpdze,21
nextval('person_id_seq'),Andisxc,Nacxlzuf,46
nextval('person_id_seq'),Msrirf,Mgnjxlpfo,57
nextval('person_id_seq'),Howmr,Rukedjwnl,45
nextval('person_id_seq'),Mxhq,Vcufz,50
nextval('person_id_seq'),Kmib,Mgnjxlpfo,43
nextval('person_id_seq'),Mxhq,Nacxlzuf,53
nextval('person_id_seq'),Mxhq,Ycokg,51
nextval('person_id_seq'),Kjyc,Qekpdze,32
nextval('person_id_seq'),Kmib,Mgnjxlpfo,19
nextval('person_id_seq'),Tvhes,Nacxlzuf,35
nextval('person_id_seq'),Andisxc,Dqarveeqvy,51
nextval('person_id_seq'),Msrirf,Ycokg,21
nextval('person_id_seq'),Howmr,Nacxlzuf,49
nextval('person_id_seq'),Kmib,Rukedjwnl,37
nextval('person_id_seq'),Kjyc,Ycokg,25
nextval('person_id_seq'),Mube,Qekpdze,30
nextval('person_id_seq'),Howmr,Dqarveeqvy,46
nextval('person_id_seq'),Msrirf,Rukedjwnl,46
nextval('person_id_seq'),Kjyc,Vcufz,58
nextval('person_id_seq'),Msrirf,Vswggmsmg,21
nextval('person_id_seq'),Andisxc,Dqarveeqvy,55
nextval('person_id_seq'),Kmib,Nacxlzuf,46
nextval('person_id_seq'),Mxhq,Ycokg,24
nextval('person_id_seq'),Msrirf,Dqarveeqvy,47
nextval('person_id_seq'),Mxhq,Nacxlzuf,30
nextval('person_id_seq'),Kjyc,Dqarveeqvy,33
nextval('person_id_seq'),Mube,Ycokg,22
nextval('person_id_seq'),Kmib,Dqarveeqvy,21
nextval('person_id_seq'),Howmr,Vcufz,37
nextval('person_id_seq'),Kmib,Ycokg,60
nextval('person_id_seq'),Mxhq,Nacxlzuf,24
nextval('person_id_seq'),Kjyc,Qekpdze,33
nextval('person_id_seq'),Kjyc,Vcufz,37
nextval('person_id_seq'),Kjyc,Qekpdze,49
nextval('person_id_seq'),Tvhes,Qekpdze,44
nextval('person_id_seq'),Kmib,Vswggmsmg,46
nextval('person_id_seq'),Msrirf,Dqarveeqvy,56
nextval('person_id_seq'),Kmib,Mgnjxlpfo,55
nextval('person_id_seq'),Mxhq,Mgnjxlpfo,33
nextval('person_id_seq'),Mxhq,Vcufz,50
nextval('person_id_seq'),Kjyc,Ycokg,18
nextval('person_id_seq'),Msrirf,Ycokg,22
nextval('person_id_seq'),Mube,Nacxlzuf,39
nextval('person_id_seq'),Tvhes,Ycokg,19
nextval('person_id_seq'),Mxhq,Ycokg,53
nextval('person_id_seq'),Msrirf,Qekpdze,48
nextval('person_id_seq'),Kjyc,Rukedjwnl,46
nextval('person_id_seq'),Mxhq,Mgnjxlpfo,29
nextval('person_id_seq'),Andisxc,Dqarveeqvy,51
nextval('person_id_seq'),Kmib,Nacxlzuf,31
nextval('person_id_seq'),Howmr,Vcufz,33
nextval('person_id_seq'),Howmr,Dqarveeqvy,46
nextval('person_id_seq'),Tvhes,Vcufz,58
nextval('person_id_seq'),Kmib,Qekpdze,54
nextval('person_id_seq'),Kjyc,Mgnjxlpfo,51
nextval('person_id_seq'),Msrirf,Nacxlzuf,24
nextval('person_id_seq'),Kmib,Dqarveeqvy,56
nextval('person_id_seq'),Howmr,Mgnjxlpfo,60
nextval('person_id_seq'),Howmr,Ycokg,24
nextval('person_id_seq'),Kmib,Rukedjwnl,46
nextval('person_id_seq'),Msrirf,Vcufz,29
nextval('person_id_seq'),Msrirf,Nacxlzuf,49
nextval('person_id_seq'),Msrirf,Mgnjxlpfo,46
nextval('person_id_seq'),Tvhes,Rukedjwnl,26
nextval('person_id_seq'),Andisxc,Nacxlzuf,47
nextval('person_id_seq'),Mube,Dqarveeqvy,24
nextval('person_id_seq'),Kmib,Dqarveeqvy,39
nextval('person_id_seq'),Msrirf,Qekpdze,42
nextval('person_id_seq'),Howmr,Rukedjwnl,57
nextval('person_id_seq'),Howmr,Ycokg,33
nextval('person_id_seq'),Andisxc,Nacxlzuf,46
nextval('person_id_seq'),Howmr,Ycokg,47
nextval('person_id_seq'),Kjyc,Qekpdze,34
nextval('person_id_seq'),Mxhq,Vcufz,27
nextval('person_id_seq'),Kjyc,Mgnjxlpfo,41
nextval('person_id_seq'),Mxhq,Ycokg,26
nextval('person_id_seq'),Andisxc,Dqarveeqvy,47
nextval('person_id_seq'),Howmr,Vswggmsmg,51
nextval('person_id_seq'),Mube,Nacxlzuf,58
nextval('person_id_seq'),Andisxc,Qekpdze,41
nextval('person_id_seq'),Mube,Ycokg,32
nextval('person_id_seq'),Kjyc,Mgnjxlpfo,18
nextval('person_id_seq'),Tvhes,Vcufz,30
nextval('person_id_seq'),Mxhq,Qekpdze,47
nextval('person_id_seq'),Kjyc,Nacxlzuf,30
nextval('person_id_seq'),Mxhq,Vswggmsmg,21
nextval('person_id_seq'),Mxhq,Vswggmsmg,25
nextval('person_id_seq'),Kjyc,Dqarveeqvy,25
nextval('person_id_seq'),Andisxc,Rukedjwnl,40
nextval('person_id_seq'),Tvhes,Qekpdze,24
nextval('person_id_seq'),Kjyc,Mgnjxlpfo,42
nextval('person_id_seq'),Mxhq,Vcufz,39
nextval('person_id_seq'),Tvhes,Vswggmsmg,23
nextval('person_id_seq'),Kjyc,Qekpdze,60
nextval('person_id_seq'),Kjyc,Vswggmsmg,58
nextval('person_id_seq'),Msrirf,Rukedjwnl,50
nextval('person_id_seq'),Msrirf,Vswggmsmg,33
nextval('person_id_seq'),Andisxc,Qekpdze,18
nextval('person_id_seq'),Mxhq,Mgnjxlpfo,24
nextval('person_id_seq'),Mxhq,Rukedjwnl,48
nextval('person_id_seq'),Andisxc,Vcufz,24
nextval('person_id_seq'),Andisxc,Vswggmsmg,28
nextval('person_id_seq'),Kmib,Dqarveeqvy,24
nextval('person_id_seq'),Andisxc,Nacxlzuf,59
nextval('person_id_seq'),Kjyc,Dqarveeqvy,21
nextval('person_id_seq'),Kmib,Mgnjxlpfo,46
nextval('person_id_seq'),Howmr,Vswggmsmg,30
nextval('person_id_seq'),Mube,Rukedjwnl,58
nextval('person_id_seq'),Tvhes,Dqarveeqvy,50
nextval('person_id_seq'),Tvhes,Mgnjxlpfo,39
nextval('person_id_seq'),Kjyc,Qekpdze,19
nextval('person_id_seq'),Howmr,Ycokg,24
nextval('person_id_seq'),Howmr,Rukedjwnl,45
nextval('person_id_seq'),Kmib,Dqarveeqvy,37
nextval('person_id_seq'),Mxhq,Vswggmsmg,41
nextval('person_id_seq'),Kjyc,Dqarveeqvy,52
nextval('person_id_seq'),Tvhes,Vswggmsmg,24
nextval('person_id_seq'),Mxhq,Mgnjxlpfo,24
nextval('person_id_seq'),Kmib,Vcufz,26
nextval('person_id_seq'),Kjyc,Qekpdze,52
nextval('person_id_seq'),Msrirf,Vcufz,52
nextval('person_id_seq'),Andisxc,Vcufz,52
nextval('person_id_seq'),Mube,Qekpdze,23
nextval('person_id_seq'),Msrirf,Dqarveeqvy,52
nextval('person_id_seq'),Mxhq,Dqarveeqvy,30
nextval('person_id_seq'),Kjyc,Vcufz,56
nextval('person_id_seq'),Msrirf,Ycokg,36
nextval('person_id_seq'),Msrirf,Rukedjwnl,52
nextval('person_id_seq'),Howmr,Vswggmsmg,42
nextval('person_id_seq'),Msrirf,Vcufz,38
nextval('person_id_seq'),Mube,Nacxlzuf,59
nextval('person_id_seq'),Andisxc,Qekpdze,24
nextval('person_id_seq'),Howmr,Qekpdze,44
nextval('person_id_seq'),Kmib,Mgnjxlpfo,21
nextval('person_id_seq'),Tvhes,Mgnjxlpfo,41
nextval('person_id_seq'),Mxhq,Nacxlzuf,18
nextval('person_id_seq'),Howmr,Vswggmsmg,42
nextval('person_id_seq'),Mxhq,Vcufz,48
nextval('person_id_seq'),Andisxc,Ycokg,39
nextval('person_id_seq'),Andisxc,Vswggmsmg,41
nextval('person_id_seq'),Msrirf,Nacxlzuf,30
nextval('person_id_seq'),Mxhq,Qekpdze,55
nextval('person_id_seq'),Msrirf,Qekpdze,60
nextval('person_id_seq'),Msrirf,Mgnjxlpfo,39
nextval('person_id_seq'),Kmib,Mgnjxlpfo,28
nextval('person_id_seq'),Mxhq,Rukedjwnl,51
nextval('person_id_seq'),Andisxc,Ycokg,37
nextval('person_id_seq'),Howmr,Vcufz,28
nextval('person_id_seq'),Mxhq,Vswggmsmg,54
nextval('person_id_seq'),Mube,Nacxlzuf,27
nextval('person_id_seq'),Tvhes,Qekpdze,53
nextval('person_id_seq'),Mxhq,Rukedjwnl,18
nextval('person_id_seq'),Mxhq,Nacxlzuf,23
nextval('person_id_seq'),Mxhq,Qekpdze,31
nextval('person_id_seq'),Tvhes,Dqarveeqvy,44
nextval('person_id_seq'),Mube,Ycokg,57
nextval('person_id_seq'),Msrirf,Ycokg,26
nextval('person_id_seq'),Mube,Rukedjwnl,36
nextval('person_id_seq'),Mube,Nacxlzuf,20
nextval('person_id_seq'),Kjyc,Nacxlzuf,54
nextval('person_id_seq'),Kmib,Vswggmsmg,60
nextval('person_id_seq'),Andisxc,Qekpdze,27
nextval('person_id_seq'),Msrirf,Rukedjwnl,30
nextval('person_id_seq'),Kjyc,Vcufz,29
nextval('person_id_seq'),Kmib,Mgnjxlpfo,23
nextval('person_id_seq'),Mxhq,Vcufz,33
nextval('person_id_seq'),Howmr,Dqarveeqvy,40
nextval('person_id_seq'),Mxhq,Mgnjxlpfo,32
nextval('person_id_seq'),Tvhes,Mgnjxlpfo,22
nextval('person_id_seq'),Tvhes,Vcufz,47
nextval('person_id_seq'),Mube,Vcufz,26
nextval('person_id_seq'),Mxhq,Dqarveeqvy,51
nextval('person_id_seq'),Mxhq,Vcufz,52
nextval('person_id_seq'),Msrirf,Dqarveeqvy,40
nextval('person_id_seq'),Mxhq,Rukedjwnl,56
nextval('person_id_seq'),Andisxc,Mgnjxlpfo,24
nextval('person_id_seq'),Mube,Ycokg,55
nextval('person_id_seq'),Mxhq,Rukedjwnl,32
nextval('person_id_seq'),Msrirf,Ycokg,48
nextval('person_id_seq'),Kjyc,Rukedjwnl,57
nextval('person_id_seq'),Mxhq,Dqarveeqvy,27
nextval('person_id_seq'),Howmr,Vswggmsmg,52
nextval('person_id_seq'),Howmr,Dqarveeqvy,40
nextval('person_id_seq'),Andisxc,Rukedjwnl,46
nextval('person_id_seq'),Tvhes,Nacxlzuf,20
nextval('person_id_seq'),Mxhq,Dqarveeqvy,38
nextval('person_id_seq'),Howmr,Dqarveeqvy,53
nextval('person_id_seq'),Andisxc,Qekpdze,60
nextval('person_id_seq'),Mube,Rukedjwnl,25
nextval('person_id_seq'),Msrirf,Nacxlzuf,20
nextval('person_id_seq'),Msrirf,Vswggmsmg,18
nextval('person_id_seq'),Msrirf,Rukedjwnl,50
nextval('person_id_seq'),Andisxc,Ycokg,40
nextval('person_id_seq'),Tvhes,Vcufz,50
nextval('person_id_seq'),Kmib,Qekpdze,25
nextval('person_id_seq'),Tvhes,Dqarveeqvy,37
nextval('person_id_seq'),Kjyc,Nacxlzuf,57
nextval('person_id_seq'),Howmr,Qekpdze,45
nextval('person_id_seq'),Tvhes,Mgnjxlpfo,27
nextval('person_id_seq'),Tvhes,Nacxlzuf,29
nextval('person_id_seq'),Andisxc,Dqarveeqvy,28
nextval('person_id_seq'),Tvhes,Dqarveeqvy,58
nextval('person_id_seq'),Mube,Dqarveeqvy,49
nextval('person_id_seq'),Tvhes,Ycokg,37
nextval('person_id_seq'),Tvhes,Qekpdze,27
nextval('person_id_seq'),Kmib,Vswggmsmg,28
nextval('person_id_seq'),Tvhes,Qekpdze,20
nextval('person_id_seq'),Tvhes,Vswggmsmg,26
nextval('person_id_seq'),Tvhes,Rukedjwnl,30
nextval('person_id_seq'),Andisxc,Dqarveeqvy,22
nextval('person_id_seq'),Tvhes,Nacxlzuf,25
nextval('person_id_seq'),Kjyc,Nacxlzuf,47
nextval('person_id_seq'),Andisxc,Vcufz,57
nextval('person_id_seq'),Howmr,Vcufz,59
nextval('person_id_seq'),Andisxc,Mgnjxlpfo,34
nextval('person_id_seq'),Kjyc,Dqarveeqvy,19
nextval('person_id_seq'),Andisxc,Dqarveeqvy,20
nextval('person_id_seq'),Kmib,Dqarveeqvy,30
nextval('person_id_seq'),Mube,Mgnjxlpfo,26
nextval('person_id_seq'),Mxhq,Ycokg,20
nextval('person_id_seq'),Kmib,Vcufz,57
nextval('person_id_seq'),Howmr,Mgnjxlpfo,58
nextval('person_id_seq'),Andisxc,Dqarveeqvy,48
nextval('person_id_seq'),Kjyc,Dqarveeqvy,43
nextval('person_id_seq'),Andisxc,Vswggmsmg,57
nextval('person_id_seq'),Mxhq,Mgnjxlpfo,19
nextval('person_id_seq'),Kmib,Rukedjwnl,23
nextval('person_id_seq'),Kmib,Qekpdze,32
nextval('person_id_seq'),Msrirf,Vcufz,18
nextval('person_id_seq'),Mxhq,Ycokg,54
nextval('person_id_seq'),Mxhq,Ycokg,40
nextval('person_id_seq'),Howmr,Vcufz,22
nextval('person_id_seq'),Tvhes,Vswggmsmg,50
nextval('person_id_seq'),Kmib,Dqarveeqvy,21
nextval('person_id_seq'),Tvhes,Vcufz,28
nextval('person_id_seq'),Howmr,Vswggmsmg,59
nextval('person_id_seq'),Howmr,Nacxlzuf,49
nextval('person_id_seq'),Mxhq,Dqarveeqvy,33
nextval('person_id_seq'),Andisxc,Mgnjxlpfo,44
nextval('person_id_seq'),Tvhes,Nacxlzuf,27
nextval('person_id_seq'),Tvhes,Qekpdze,42
nextval('person_id_seq'),Msrirf,Vcufz,43
nextval('person_id_seq'),Andisxc,Dqarveeqvy,23
nextval('person_id_seq'),Kmib,Rukedjwnl,24
nextval('person_id_seq'),Mube,Qekpdze,28
nextval('person_id_seq'),Kjyc,Mgnjxlpfo,56
nextval('person_id_seq'),Howmr,Dqarveeqvy,18
nextval('person_id_seq'),Howmr,Ycokg,57
nextval('person_id_seq'),Msrirf,Qekpdze,46
nextval('person_id_seq'),Tvhes,Mgnjxlpfo,50
nextval('person_id_seq'),Andisxc,Vswggmsmg,28
nextval('person_id_seq'),Mxhq,Qekpdze,39
nextval('person_id_seq'),Msrirf,Vswggmsmg,26
nextval('person_id_seq'),Tvhes,Rukedjwnl,24
nextval('person_id_seq'),Mxhq,Dqarveeqvy,58
nextval('person_id_seq'),Msrirf,Vcufz,46
nextval('person_id_seq'),Howmr,Dqarveeqvy,50
nextval('person_id_seq'),Tvhes,Vcufz,26
nextval('person_id_seq'),Howmr,Nacxlzuf,54
nextval('person_id_seq'),Kjyc,Nacxlzuf,37
nextval('person_id_seq'),Kjyc,Mgnjxlpfo,41
nextval('person_id_seq'),Msrirf,Rukedjwnl,52
nextval('person_id_seq'),Tvhes,Qekpdze,44
nextval('person_id_seq'),Kmib,Nacxlzuf,18
nextval('person_id_seq'),Kmib,Ycokg,52
nextval('person_id_seq'),Kmib,Mgnjxlpfo,32
nextval('person_id_seq'),Mube,Qekpdze,52
nextval('person_id_seq'),Mxhq,Ycokg,48
nextval('person_id_seq'),Tvhes,Nacxlzuf,33
nextval('person_id_seq'),Mube,Vcufz,41
nextval('person_id_seq'),Andisxc,Rukedjwnl,21
nextval('person_id_seq'),Msrirf,Vswggmsmg,59
nextval('person_id_seq'),Kmib,Vcufz,31
nextval('person_id_seq'),Kjyc,Vswggmsmg,38
nextval('person_id_seq'),Msrirf,Vcufz,19
nextval('person_id_seq'),Kjyc,Dqarveeqvy,59
nextval('person_id_seq'),Msrirf,Mgnjxlpfo,60
nextval('person_id_seq'),Howmr,Qekpdze,21
nextval('person_id_seq'),Andisxc,Ycokg,45
nextval('person_id_seq'),Kjyc,Dqarveeqvy,25
nextval('person_id_seq'),Howmr,Ycokg,34
nextval('person_id_seq'),Kjyc,Ycokg,31
nextval('person_id_seq'),Andisxc,Nacxlzuf,54
nextval('person_id_seq'),Tvhes,Vswggmsmg,59
nextval('person_id_seq'),Mube,Nacxlzuf,54
nextval('person_id_seq'),Andisxc,Rukedjwnl,49
nextval('person_id_seq'),Tvhes,Dqarveeqvy,21
nextval('person_id_seq'),Msrirf,Nacxlzuf,36
nextval('person_id_seq'),Mube,Vswggmsmg,27
nextval('person_id_seq'),Kmib,Vswggmsmg,55
nextval('person_id_seq'),Kjyc,Qekpdze,56
nextval('person_id_seq'),Kmib,Rukedjwnl,25
nextval('person_id_seq'),Howmr,Rukedjwnl,29
nextval('person_id_seq'),Andisxc,Ycokg,52
nextval('person_id_seq'),Msrirf,Mgnjxlpfo,35
nextval('person_id_seq'),Mxhq,Vcufz,43
nextval('person_id_seq'),Msrirf,Rukedjwnl,47
nextval('person_id_seq'),Msrirf,Nacxlzuf,44
nextval('person_id_seq'),Howmr,Ycokg,26
nextval('person_id_seq'),Howmr,Ycokg,38
nextval('person_id_seq'),Howmr,Rukedjwnl,42
nextval('person_id_seq'),Kjyc,Vswggmsmg,46
nextval('person_id_seq'),Kjyc,Ycokg,23
nextval('person_id_seq'),Tvhes,Vswggmsmg,31
nextval('person_id_seq'),Andisxc,Vswggmsmg,42
nextval('person_id_seq'),Kmib,Nacxlzuf,23
nextval('person_id_seq'),Tvhes,Vcufz,20
nextval('person_id_seq'),Kmib,Rukedjwnl,51
nextval('person_id_seq'),Kjyc,Rukedjwnl,38
nextval('person_id_seq'),Tvhes,Mgnjxlpfo,40
nextval('person_id_seq'),Tvhes,Dqarveeqvy,40
nextval('person_id_seq'),Kjyc,Mgnjxlpfo,20
nextval('person_id_seq'),Msrirf,Qekpdze,40
nextval('person_id_seq'),Mxhq,Qekpdze,31
nextval('person_id_seq'),Tvhes,Mgnjxlpfo,38
nextval('person_id_seq'),Mxhq,Rukedjwnl,53
nextval('person_id_seq'),Mxhq,Rukedjwnl,41
nextval('person_id_seq'),Kmib,Vswggmsmg,31
nextval('person_id_seq'),Mube,Rukedjwnl,60
nextval('person_id_seq'),Tvhes,Qekpdze,30
nextval('person_id_seq'),Msrirf,Nacxlzuf,51
nextval('person_id_seq'),Kjyc,Mgnjxlpfo,50
nextval('person_id_seq'),Mxhq,Vcufz,38
nextval('person_id_seq'),Msrirf,Rukedjwnl,32
nextval('person_id_seq'),Kjyc,Vswggmsmg,22
nextval('person_id_seq'),Howmr,Rukedjwnl,49
nextval('person_id_seq'),Mxhq,Mgnjxlpfo,37
nextval('person_id_seq'),Howmr,Mgnjxlpfo,34
nextval('person_id_seq'),Howmr,Vswggmsmg,57
nextval('person_id_seq'),Mube,Qekpdze,57
nextval('person_id_seq'),Kjyc,Mgnjxlpfo,48
nextval('person_id_seq'),Mxhq,Rukedjwnl,45
nextval('person_id_seq'),Kjyc,Ycokg,47
nextval('person_id_seq'),Kmib,Vcufz,27
nextval('person_id_seq'),Mxhq,Vswggmsmg,32
nextval('person_id_seq'),Msrirf,Ycokg,34
nextval('person_id_seq'),Kmib,Nacxlzuf,20
nextval('person_id_seq'),Mube,Dqarveeqvy,46
nextval('person_id_seq'),Kjyc,Vcufz,20
nextval('person_id_seq'),Kjyc,Rukedjwnl,31
nextval('person_id_seq'),Andisxc,Nacxlzuf,49
nextval('person_id_seq'),Tvhes,Qekpdze,48
nextval('person_id_seq'),Tvhes,Mgnjxlpfo,45
nextval('person_id_seq'),Tvhes,Ycokg,56
nextval('person_id_seq'),Mube,Nacxlzuf,48
nextval('person_id_seq'),Mube,Nacxlzuf,18
nextval('person_id_seq'),Mxhq,Dqarveeqvy,43
nextval('person_id_seq'),Howmr,Dqarveeqvy,51
nextval('person_id_seq'),Msrirf,Qekpdze,50
nextval('person_id_seq'),Msrirf,Qekpdze,44
nextval('person_id_seq'),Mxhq,Vswggmsmg,33
nextval('person_id_seq'),Msrirf,Rukedjwnl,52
nextval('person_id_seq'),Howmr,Rukedjwnl,20
nextval('person_id_seq'),Msrirf,Qekpdze,37
nextval('person_id_seq'),Howmr,Dqarveeqvy,45
nextval('person_id_seq'),Tvhes,Mgnjxlpfo,60
nextval('person_id_seq'),Howmr,Vswggmsmg,25
nextval('person_id_seq'),Howmr,Nacxlzuf,35
nextval('person_id_seq'),Kjyc,Mgnjxlpfo,23
nextval('person_id_seq'),Mube,Vswggmsmg,23
nextval('person_id_seq'),Tvhes,Qekpdze,51
nextval('person_id_seq'),Howmr,Rukedjwnl,55
nextval('person_id_seq'),Mxhq,Ycokg,31
nextval('person_id_seq'),Msrirf,Ycokg,56
nextval('person_id_seq'),Msrirf,Qekpdze,29
nextval('person_id_seq'),Andisxc,Vcufz,28
nextval('person_id_seq'),Kmib,Vswggmsmg,57
nextval('person_id_seq'),Msrirf,Mgnjxlpfo,18
nextval('person_id_seq'),Mube,Mgnjxlpfo,54
nextval('person_id_seq'),Mube,Dqarveeqvy,54
nextval('person_id_seq'),Mube,Ycokg,25
nextval('person_id_seq'),Andisxc,Vswggmsmg,25
nextval('person_id_seq'),Mube,Mgnjxlpfo,42
nextval('person_id_seq'),Kjyc,Ycokg,55
nextval('person_id_seq'),Msrirf,Mgnjxlpfo,34
nextval('person_id_seq'),Mube,Nacxlzuf,38
nextval('person_id_seq'),Howmr,Vcufz,58
nextval('person_id_seq'),Kmib,Vswggmsmg,57
nextval('person_id_seq'),Tvhes,Rukedjwnl,57
nextval('person_id_seq'),Tvhes,Vswggmsmg,24
nextval('person_id_seq'),Mube,Vcufz,55
nextval('person_id_seq'),Mube,Vcufz,48
nextval('person_id_seq'),Kmib,Qekpdze,37
nextval('person_id_seq'),Howmr,Ycokg,29
nextval('person_id_seq'),Kjyc,Rukedjwnl,56
nextval('person_id_seq'),Msrirf,Mgnjxlpfo,54
nextval('person_id_seq'),Msrirf,Mgnjxlpfo,37
nextval('person_id_seq'),Howmr,Vcufz,22
nextval('person_id_seq'),Mxhq,Qekpdze,21
nextval('person_id_seq'),Kmib,Nacxlzuf,21
nextval('person_id_seq'),Kjyc,Ycokg,25
nextval('person_id_seq'),Mube,Vcufz,51
nextval('person_id_seq'),Msrirf,Rukedjwnl,29
nextval('person_id_seq'),Howmr,Vcufz,43
nextval('person_id_seq'),Msrirf,Vcufz,45
nextval('person_id_seq'),Howmr,Vswggmsmg,54
nextval('person_id_seq'),Howmr,Vcufz,57
nextval('person_id_seq'),Kmib,Mgnjxlpfo,19
nextval('person_id_seq'),Kjyc,Rukedjwnl,53
nextval('person_id_seq'),Howmr,Rukedjwnl,36
nextval('person_id_seq'),Andisxc,Nacxlzuf,26
nextval('person_id_seq'),Msrirf,Qekpdze,29
nextval('person_id_seq'),Kmib,Qekpdze,36
nextval('person_id_seq'),Tvhes,Rukedjwnl,38
nextval('person_id_seq'),Kjyc,Rukedjwnl,51
nextval('person_id_seq'),Howmr,Ycokg,28
nextval('person_id_seq'),Andisxc,Mgnjxlpfo,47
nextval('person_id_seq'),Mube,Ycokg,27
nextval('person_id_seq'),Kjyc,Vswggmsmg,56
nextval('person_id_seq'),Howmr,Mgnjxlpfo,25
nextval('person_id_seq'),Andisxc,Nacxlzuf,27
nextval('person_id_seq'),Kmib,Ycokg,45
nextval('person_id_seq'),Kmib,Mgnjxlpfo,36
nextval('person_id_seq'),Msrirf,Qekpdze,25
nextval('person_id_seq'),Howmr,Vcufz,35
nextval('person_id_seq'),Kjyc,Rukedjwnl,22
nextval('person_id_seq'),Howmr,Ycokg,53
nextval('person_id_seq'),Mxhq,Mgnjxlpfo,57
nextval('person_id_seq'),Mube,Qekpdze,25
nextval('person_id_seq'),Tvhes,Ycokg,30
nextval('person_id_seq'),Mxhq,Dqarveeqvy,57
nextval('person_id_seq'),Msrirf,Ycokg,40
nextval('person_id_seq'),Mxhq,Rukedjwnl,54
nextval('person_id_seq'),Msrirf,Dqarveeqvy,58
nextval('person_id_seq'),Kjyc,Rukedjwnl,47
nextval('person_id_seq'),Kmib,Nacxlzuf,30
nextval('person_id_seq'),Kmib,Mgnjxlpfo,18
nextval('person_id_seq'),Msrirf,Vswggmsmg,29
nextval('person_id_seq'),Tvhes,Ycokg,33
nextval('person_id_seq'),Howmr,Ycokg,38
nextval('person_id_seq'),Kjyc,Mgnjxlpfo,33
nextval('person_id_seq'),Kjyc,Rukedjwnl,44
nextval('person_id_seq'),Mxhq,Vcufz,19
nextval('person_id_seq'),Tvhes,Vcufz,26
nextval('person_id_seq'),Kmib,Nacxlzuf,27
nextval('person_id_seq'),Mxhq,Qekpdze,43
nextval('person_id_seq'),Msrirf,Rukedjwnl,30
nextval('person_id_seq'),Mxhq,Vswggmsmg,42
nextval('person_id_seq'),Howmr,Nacxlzuf,39
nextval('person_id_seq'),Tvhes,Ycokg,41
nextval('person_id_seq'),Tvhes,Ycokg,53
nextval('person_id_seq'),Kjyc,Vcufz,49
nextval('person_id_seq'),Howmr,Qekpdze,53
nextval('person_id_seq'),Kjyc,Rukedjwnl,19
nextval('person_id_seq'),Mxhq,Qekpdze,58
nextval('person_id_seq'),Andisxc,Mgnjxlpfo,20
nextval('person_id_seq'),Msrirf,Qekpdze,34
nextval('person_id_seq'),Mxhq,Dqarveeqvy,24
nextval('person_id_seq'),Msrirf,Vcufz,56
nextval('person_id_seq'),Andisxc,Vswggmsmg,51
nextval('person_id_seq'),Andisxc,Qekpdze,55
nextval('person_id_seq'),Mxhq,Rukedjwnl,51
nextval('person_id_seq'),Kjyc,Dqarveeqvy,21
nextval('person_id_seq'),Tvhes,Vcufz,20
nextval('person_id_seq'),Howmr,Mgnjxlpfo,24
nextval('person_id_seq'),Kmib,Qekpdze,43
nextval('person_id_seq'),Mube,Nacxlzuf,30
nextval('person_id_seq'),Mube,Rukedjwnl,20
nextval('person_id_seq'),Tvhes,Ycokg,33
nextval('person_id_seq'),Kjyc,Mgnjxlpfo,33
nextval('person_id_seq'),Andisxc,Ycokg,33
nextval('person_id_seq'),Howmr,Vcufz,40
nextval('person_id_seq'),Mxhq,Rukedjwnl,28
nextval('person_id_seq'),Howmr,Ycokg,51
nextval('person_id_seq'),Mube,Dqarveeqvy,44
nextval('person_id_seq'),Andisxc,Rukedjwnl,46
nextval('person_id_seq'),Mube,Rukedjwnl,18
nextval('person_id_seq'),Kjyc,Rukedjwnl,48
nextval('person_id_seq'),Kmib,Vswggmsmg,29
nextval('person_id_seq'),Msrirf,Ycokg,24
nextval('person_id_seq'),Howmr,Rukedjwnl,21
nextval('person_id_seq'),Howmr,Vswggmsmg,36
nextval('person_id_seq'),Tvhes,Vswggmsmg,42
nextval('person_id_seq'),Howmr,Mgnjxlpfo,55
nextval('person_id_seq'),Kmib,Vcufz,54
nextval('person_id_seq'),Msrirf,Dqarveeqvy,23
nextval('person_id_seq'),Andisxc,Ycokg,38
nextval('person_id_seq'),Kmib,Nacxlzuf,46
nextval('person_id_seq'),Andisxc,Rukedjwnl,22
nextval('person_id_seq'),Kmib,Vcufz,35
nextval('person_id_seq'),Andisxc,Ycokg,35
nextval('person_id_seq'),Kjyc,Rukedjwnl,30
nextval('person_id_seq'),Mxhq,Vcufz,22
nextval('person_id_seq'),Mube,Vswggmsmg,46
nextval('person_id_seq'),Howmr,Qekpdze,20
nextval('person_id_seq'),Kmib,Qekpdze,40
nextval('person_id_seq'),Kmib,Ycokg,27
nextval('person_id_seq'),Kmib,Mgnjxlpfo,18
nextval('person_id_seq'),Kmib,Rukedjwnl,46
nextval('person_id_seq'),Tvhes,Nacxlzuf,53
nextval('person_id_seq'),Howmr,Qekpdze,35
nextval('person_id_seq'),Howmr,Mgnjxlpfo,46
nextval('person_id_seq'),Kjyc,Vswggmsmg,31
nextval('person_id_seq'),Andisxc,Nacxlzuf,33
nextval('person_id_seq'),Andisxc,Vswggmsmg,30
nextval('person_id_seq'),Mxhq,Dqarveeqvy,26
nextval('person_id_seq'),Howmr,Ycokg,22
nextval('person_id_seq'),Mxhq,Vcufz,24
nextval('person_id_seq'),Mube,Vcufz,24
nextval('person_id_seq'),Msrirf,Nacxlzuf,19
nextval('person_id_seq'),Msrirf,Qekpdze,19
nextval('person_id_seq'),Mxhq,Vswggmsmg,27
nextval('person_id_seq'),Kmib,Qekpdze,30
nextval('person_id_seq'),Mube,Vswggmsmg,20
nextval('person_id_seq'),Mube,Nacxlzuf,43
nextval('person_id_seq'),Andisxc,Ycokg,38
nextval('person_id_seq'),Tvhes,Mgnjxlpfo,46
nextval('person_id_seq'),Andisxc,Dqarveeqvy,40
nextval('person_id_seq'),Kjyc,Dqarveeqvy,53
nextval('person_id_seq'),Kmib,Vcufz,43
nextval('person_id_seq'),Howmr,Vcufz,32
nextval('person_id_seq'),Howmr,Vcufz,40
nextval('person_id_seq'),Kjyc,Vcufz,59
nextval('person_id_seq'),Howmr,Vswggmsmg,27
nextval('person_id_seq'),Msrirf,Qekpdze,34
nextval('person_id_seq'),Msrirf,Vswggmsmg,31
nextval('person_id_seq'),Mxhq,Ycokg,39
nextval('person_id_seq'),Andisxc,Vswggmsmg,33
nextval('person_id_seq'),Tvhes,Ycokg,18
nextval('person_id_seq'),Msrirf,Qekpdze,60
nextval('person_id_seq'),Kmib,Vcufz,54
nextval('person_id_seq'),Kmib,Mgnjxlpfo,35
nextval('person_id_seq'),Andisxc,Nacxlzuf,36
nextval('person_id_seq'),Tvhes,Dqarveeqvy,57
nextval('person_id_seq'),Mube,Rukedjwnl,30
nextval('person_id_seq'),Tvhes,Rukedjwnl,22
nextval('person_id_seq'),Mxhq,Ycokg,44
nextval('person_id_seq'),Tvhes,Dqarveeqvy,25
nextval('person_id_seq'),Kmib,Nacxlzuf,20
nextval('person_id_seq'),Msrirf,Rukedjwnl,49
nextval('person_id_seq'),Tvhes,Nacxlzuf,50
nextval('person_id_seq'),Mube,Qekpdze,56
nextval('person_id_seq'),Kmib,Dqarveeqvy,24
nextval('person_id_seq'),Tvhes,Ycokg,51
nextval('person_id_seq'),Howmr,Mgnjxlpfo,25
nextval('person_id_seq'),Mxhq,Nacxlzuf,41
nextval('person_id_seq'),Mube,Qekpdze,33
nextval('person_id_seq'),Kjyc,Rukedjwnl,21
nextval('person_id_seq'),Howmr,Dqarveeqvy,24
nextval('person_id_seq'),Mxhq,Dqarveeqvy,27
nextval('person_id_seq'),Msrirf,Mgnjxlpfo,45
nextval('person_id_seq'),Msrirf,Vcufz,28
nextval('person_id_seq'),Andisxc,Vcufz,48
nextval('person_id_seq'),Howmr,Mgnjxlpfo,52
nextval('person_id_seq'),Kjyc,Qekpdze,18
nextval('person_id_seq'),Kjyc,Dqarveeqvy,28
nextval('person_id_seq'),Mube,Vcufz,40
nextval('person_id_seq'),Kmib,Vcufz,39
nextval('person_id_seq'),Tvhes,Dqarveeqvy,19
nextval('person_id_seq'),Tvhes,Dqarveeqvy,57
nextval('person_id_seq'),Kmib,Nacxlzuf,60
nextval('person_id_seq'),Mxhq,Rukedjwnl,46
nextval('person_id_seq'),Mube,Rukedjwnl,21
nextval('person_id_seq'),Msrirf,Ycokg,54
nextval('person_id_seq'),Msrirf,Rukedjwnl,38
nextval('person_id_seq'),Kjyc,Vcufz,38
nextval('person_id_seq'),Andisxc,Rukedjwnl,24
nextval('person_id_seq'),Kjyc,Qekpdze,50
nextval('person_id_seq'),Mxhq,Nacxlzuf,50
nextval('person_id_seq'),Kjyc,Dqarveeqvy,24
nextval('person_id_seq'),Kmib,Rukedjwnl,45
nextval('person_id_seq'),Howmr,Dqarveeqvy,30
nextval('person_id_seq'),Mube,Rukedjwnl,37
nextval('person_id_seq'),Howmr,Ycokg,45
nextval('person_id_seq'),Kjyc,Dqarveeqvy,54
nextval('person_id_seq'),Kmib,Dqarveeqvy,52
nextval('person_id_seq'),Andisxc,Dqarveeqvy,60
nextval('person_id_seq'),Tvhes,Vswggmsmg,55
nextval('person_id_seq'),Msrirf,Ycokg,34
